mod,massshift,aa
Acetyl,42.010565,
Amidated,-0.984016,
Biotin,226.077598,
Carbamidomethyl,57.021464,
Carbamyl,43.005814,
Carboxymethyl,58.005479,
Deamidated,0.984016,
ICAT-G,486.251206,
ICAT-G:2H(8),494.30142,
Met->Hse,-29.992806,
Met->Hsl,-48.003371,
ICAT-D:2H(8),450.275205,
ICAT-D,442.224991,
NIPCAM,99.068414,
PEO-Iodoacetyl-LC-Biotin,414.193691,
Phospho,79.966331,
Dehydrated,-18.010565,
Propionamide,71.037114,
Pyridylacetyl,119.037114,
Pyro-carbamidomethyl,39.994915,
Glu->pyro-Glu,-18.010565,
Gln->pyro-Glu,-17.026549,
SMA,127.063329,
Cation:Na,21.981943,
Pyridylethyl,105.057849,
Methyl,14.01565,
Oxidation,15.994915,
Dimethyl,28.0313,
Trimethyl,42.04695,
Methylthio,45.987721,
Sulfo,79.956815,
Hex,162.052824,
Lipoyl,188.032956,
HexNAc,203.079373,
Farnesyl,204.187801,
Myristoyl,210.198366,
PyridoxalPhosphate,229.014009,
Palmitoyl,238.229666,
GeranylGeranyl,272.250401,
Phosphopantetheine,340.085794,
FAD,783.141486,
Tripalmitate,788.725777,
Guanidinyl,42.021798,
HNE,156.11503,
Glucuronyl,176.032088,
Glutathione,305.068156,
Acetyl:2H(3),45.029395,
Propionyl,56.026215,
Propionyl:13C(3),59.036279,
GIST-Quat,127.099714,
GIST-Quat:2H(3),130.118544,
GIST-Quat:2H(6),133.137375,
GIST-Quat:2H(9),136.156205,
Succinyl,100.016044,
Succinyl:2H(4),104.041151,
Succinyl:13C(4),104.029463,
Iminobiotin,225.093583,
ESP,338.177647,
ESP:2H(10),348.240414,
NHS-LC-Biotin,339.161662,
EDT-maleimide-PEO-biotin,601.206246,
IMID,68.037448,
IMID:2H(4),72.062555,
Propionamide:2H(3),74.055944,
ICAT-C,227.126991,
ICAT-C:13C(9),236.157185,
FormylMet,159.035399,
Nethylmaleimide,125.047679,
OxLysBiotinRed,354.172562,
OxLysBiotin,352.156911,
OxProBiotinRed,371.199111,
OxProBiotin,369.183461,
OxArgBiotin,310.135113,
OxArgBiotinRed,312.150763,
EDT-iodoacetyl-PEO-biotin,490.174218,
IBTP,316.138088,
GG,114.042927,
Formyl,27.994915,
ICAT-H,345.097915,
ICAT-H:13C(6),351.118044,
Xlink:DTSSP[88],87.998285,
Fluoro,17.990578,
Fluorescein,387.074287,
Iodo,125.896648,
Diiodo,251.793296,
Triiodo,377.689944,
Myristoleyl,208.182715,
Myristoyl+Delta:H(-4),206.167065,
Benzoyl,104.026215,
Hex(5)HexNAc(2),1216.422863,
Dansyl,233.051049,
a-type-ion,-46.005479,
Amidine,41.026549,
HexNAc(1)dHex(1),349.137281,
HexNAc(2),406.158745,
Hex(3),486.158471,
HexNAc(1)dHex(2),495.19519,
Hex(1)HexNAc(1)dHex(1),511.190105,
HexNAc(2)dHex(1),552.216654,
Hex(1)HexNAc(2),568.211569,
Hex(1)HexNAc(1)NeuAc(1),656.227613,
HexNAc(2)dHex(2),698.274563,
Hex(1)HexNAc(2)Pent(1),700.253828,
Hex(1)HexNAc(2)dHex(1),714.269478,
Hex(2)HexNAc(2),730.264392,
Hex(3)HexNAc(1)Pent(1),821.280102,
Hex(1)HexNAc(2)dHex(1)Pent(1),846.311736,
Hex(1)HexNAc(2)dHex(2),860.327386,
Hex(2)HexNAc(2)Pent(1),862.306651,
Hex(2)HexNAc(2)dHex(1),876.322301,
Hex(3)HexNAc(2),892.317216,
Hex(1)HexNAc(1)NeuAc(2),947.323029,
Hex(3)HexNAc(2)Phos(1),972.283547,
Delta:S(-1)Se(1),47.944449,
Delta:H(-1)N(-1)18O(1),2.988261,
NBS:13C(6),159.008578,
NBS,152.988449,
BHT,218.167065,
DAET,87.050655,
Label:13C(9),9.030193,
Label:13C(9)+Phospho,88.996524,
HPG,132.021129,
2HPG,282.052824,
Label:13C(6),6.020129,
Label:18O(2),4.008491,
AccQTag,170.048013,
QAT,171.149738,
QAT:2H(3),174.168569,
EQAT,184.157563,
EQAT:2H(5),189.188947,
Dimethyl:2H(4),32.056407,
Ethanedithiol,75.980527,
Delta:H(6)C(6)O(1),94.041865,
Delta:H(4)C(3)O(1),56.026215,
Delta:H(2)C(3),38.01565,
Delta:H(4)C(6),76.0313,
Delta:H(8)C(6)O(2),112.05243,
NEIAA,85.052764,
NEIAA:2H(5),90.084148,
ADP-Ribosyl,541.06111,
iTRAQ4plex,144.102063,
IGBP,296.016039,
Crotonaldehyde,70.041865,
Delta:H(2)C(2),26.01565,
Delta:H(4)C(2),28.0313,
Delta:H(4)C(3),40.0313,
Label:18O(1),2.004246,
Label:13C(6)15N(2),8.014199,
Thiophospho,95.943487,
SPITC,214.971084,
Label:2H(3),3.01883,
PET,121.035005,
Label:13C(6)15N(4),10.008269,
Label:13C(5)15N(1),6.013809,
Label:13C(9)15N(1),10.027228,
Cytopiloyne,362.136553,
Cytopiloyne+water,380.147118,
CAF,135.983029,
Nitrosyl,28.990164,
AEBS,183.035399,
Ethanolyl,44.026215,
Ethyl,28.0313,
CoenzymeA,765.09956,
Methyl:2H(2),16.028204,
SulfanilicAcid,155.004099,
SulfanilicAcid:13C(6),161.024228,
Trp->Oxolactone,13.979265,
Biotin-PEO-Amine,356.188212,
Biotin-HPDP,428.191582,
Delta:Hg(1),201.970617,
IodoU-AMP,322.020217,
CAMthiopropanoyl,145.019749,
IED-Biotin,326.141261,
dHex,146.057909,
Methyl:2H(3),17.03448,
Carboxy,43.989829,
Bromobimane,190.074228,
Menadione,170.036779,
DeStreak,75.998285,
dHex(1)Hex(3)HexNAc(4),1444.53387,
dHex(1)Hex(4)HexNAc(4),1606.586693,
dHex(1)Hex(5)HexNAc(4),1768.639517,
Hex(3)HexNAc(4),1298.475961,
Hex(4)HexNAc(4),1460.528784,
Hex(5)HexNAc(4),1622.581608,
Cysteinyl,119.004099,
Lys-loss,-128.094963,
Nmethylmaleimide,111.032028,
DimethylpyrroleAdduct,78.04695,
Delta:H(2)C(5),62.01565,
Delta:H(2)C(3)O(1),54.010565,
Nethylmaleimide+water,143.058243,
Xlink:B10621,713.093079,
Xlink:DTBP[87],87.01427,
FP-Biotin,572.316129,
Delta:H(4)C(2)O(-1)S(1),44.008456,
Methyl:2H(3)13C(1),18.037835,
Dimethyl:2H(6)13C(2),36.07567,
Thiophos-S-S-biotin,525.142894,
Can-FP-biotin,447.195679,
HNE+Delta:H(2),158.13068,
Methylamine,13.031634,
Bromo,77.910511,
Amino,15.010899,
Argbiotinhydrazide,199.066699,
Arg->GluSA,-43.053433,
Trioxidation,47.984744,
His->Asn,-23.015984,
His->Asp,-22.031969,
Trp->Hydroxykynurenin,19.989829,
Trp->Kynurenin,3.994915,
Lys->Allysine,-1.031634,
Lysbiotinhydrazide,241.088497,
Nitro,44.985078,
probiotinhydrazide,258.115047,
Pro->pyro-Glu,13.979265,
Pro->Pyrrolidinone,-30.010565,
Thrbiotinhydrazide,240.104482,
Diisopropylphosphate,164.060231,
Isopropylphospho,122.013281,
ICPL:13C(6),111.041593,
ICPL,105.021464,
Deamidated:18O(1),2.988261,
Cys->Dha,-33.987721,
Pro->Pyrrolidone,-27.994915,
HMVK,86.036779,
Arg->Orn,-42.021798,
Dehydro,-1.007825,
Diphthamide,142.110613,
Hydroxyfarnesyl,220.182715,
Diacylglycerol,576.511761,
Carboxyethyl,72.021129,
Hypusine,87.068414,
Retinylidene,266.203451,
Lys->AminoadipicAcid,14.96328,
Cys->PyruvicAcid,-33.003705,
Ammonia-loss,-17.026549,
Phycocyanobilin,586.279135,
Phycoerythrobilin,588.294785,
Phytochromobilin,584.263485,
Heme,616.177295,
Molybdopterin,521.884073,
Quinone,29.974179,
Glucosylgalactosyl,340.100562,
GPIanchor,123.00853,
PhosphoribosyldephosphoCoA,881.146904,
GlycerylPE,197.04531,
Triiodothyronine,469.716159,
Thyroxine,595.612807,
Tyr->Dha,-94.041865,
Didehydro,-2.01565,
Cys->Oxoalanine,-17.992806,
Ser->LacticAcid,-15.010899,
Phosphoadenosine,329.05252,
Hydroxycinnamyl,146.036779,
Glycosyl,148.037173,
FMNH,454.088965,
Archaeol,634.662782,
Phenylisocyanate,119.037114,
Phenylisocyanate:2H(5),124.068498,
Phosphoguanosine,345.047435,
Hydroxymethyl,30.010565,
MolybdopterinGD+Delta:S(-1)Se(1),1620.930224,
Dipyrrolylmethanemethyl,418.137616,
PhosphoUridine,306.025302,
Glycerophospho,154.00311,
Carboxy->Thiocarboxy,15.977156,
Sulfide,31.972071,
PyruvicAcidIminyl,70.005479,
Delta:Se(1),79.91652,
MolybdopterinGD,1572.985775,
Dioxidation,31.989829,
Octanoyl,126.104465,
PhosphoHexNAc,283.045704,
PhosphoHex,242.019154,
Palmitoleyl,236.214016,
Cholesterol,368.344302,
Didehydroretinylidene,264.187801,
CHDH,294.183109,
Methylpyrroline,109.052764,
Hydroxyheme,614.161645,
MicrocinC7,386.110369,
Cyano,24.995249,
Diironsubcluster,342.786916,
Amidino,42.021798,
FMN,438.094051,
FMNC,456.104615,
CuSMo,922.834855,
Hydroxytrimethyl,59.04969,
Deoxy,-15.994915,
Microcin,831.197041,
Decanoyl,154.135765,
Glu,129.042593,
GluGlu,258.085186,
GluGluGlu,387.127779,
GluGluGluGlu,516.170373,
HexN,161.068808,
Xlink:DMP[154],154.110613,
NDA,175.042199,
SPITC:13C(6),220.991213,
AEC-MAEC,59.019355,
TMAB,128.107539,
TMAB:2H(9),137.16403,
FTC,421.073241,
Label:2H(4),4.025107,
DHP,118.065674,
Hep,192.063388,
BADGE,340.167459,
CyDye-Cy3,672.298156,
CyDye-Cy5,684.298156,
BHTOH,234.16198,
IGBP:13C(2),298.022748,
Nmethylmaleimide+water,129.042593,
PyMIC,134.048013,
LG-lactam-K,332.19876,
LG-Hlactam-K,348.193674,
LG-lactam-R,290.176961,
LG-Hlactam-R,306.171876,
Dimethyl:2H(4)13C(2),34.063117,
Hex(2),324.105647,
C8-QAT,227.224915,
PropylNAGthiazoline,232.064354,
FNEM,427.069202,
Diethyl,56.0626,
BisANS,594.091928,
Piperidine,68.0626,
Maleimide-PEO2-Biotin,525.225719,
Sulfo-NHS-LC-LC-Biotin,452.245726,
CLIP_TRAQ_2,141.098318,
Dethiomethyl,-48.003371,
Methyl+Deamidated,14.999666,
Delta:H(5)C(2),29.039125,
Cation:K,37.955882,
Cation:Cu[I],61.921774,
iTRAQ4plex114,144.105918,
iTRAQ4plex115,144.099599,
Dibromo,155.821022,
LRGG,383.228103,
CLIP_TRAQ_3,271.148736,
CLIP_TRAQ_4,244.101452,
Biotin:Cayman-10141,626.386577,
Biotin:Cayman-10013,660.428442,
Ala->Ser,15.994915,
Ala->Thr,30.010565,
Ala->Asp,43.989829,
Ala->Pro,26.01565,
Ala->Gly,-14.01565,
Ala->Glu,58.005479,
Ala->Val,28.0313,
Cys->Phe,44.059229,
Cys->Ser,-15.977156,
Cys->Trp,83.070128,
Cys->Tyr,60.054144,
Cys->Arg,53.091927,
Cys->Gly,-45.987721,
Asp->Ala,-43.989829,
Asp->His,22.031969,
Asp->Asn,-0.984016,
Asp->Gly,-58.005479,
Asp->Tyr,48.036386,
Asp->Glu,14.01565,
Asp->Val,-15.958529,
Glu->Ala,-58.005479,
Glu->Gln,-0.984016,
Glu->Asp,-14.01565,
Glu->Lys,-0.94763,
Glu->Gly,-72.021129,
Glu->Val,-29.974179,
Phe->Ser,-60.036386,
Phe->Cys,-44.059229,
Phe->Xle,-33.98435,
Phe->Tyr,15.994915,
Phe->Val,-48,
Gly->Ala,14.01565,
Gly->Ser,30.010565,
Gly->Trp,129.057849,
Gly->Glu,72.021129,
Gly->Val,42.04695,
Gly->Asp,58.005479,
Gly->Cys,45.987721,
Gly->Arg,99.079647,
His->Pro,-40.006148,
His->Tyr,26.004417,
His->Gln,-9.000334,
His->Arg,19.042199,
His->Xle,-23.974848,
Xle->Thr,-12.036386,
Xle->Asn,0.958863,
Xle->Lys,15.010899,
Lys->Thr,-27.047285,
Lys->Asn,-14.052036,
Lys->Glu,0.94763,
Lys->Gln,-0.036386,
Lys->Met,2.945522,
Lys->Arg,28.006148,
Lys->Xle,-15.010899,
Xle->Ser,-26.052036,
Xle->Phe,33.98435,
Xle->Trp,72.995249,
Xle->Pro,-16.0313,
Xle->Val,-14.01565,
Xle->His,23.974848,
Xle->Gln,14.974514,
Xle->Met,17.956421,
Xle->Arg,43.017047,
Met->Thr,-29.992806,
Met->Arg,25.060626,
Met->Lys,-2.945522,
Met->Xle,-17.956421,
Met->Val,-31.972071,
Asn->Ser,-27.010899,
Asn->Thr,-12.995249,
Asn->Lys,14.052036,
Asn->Tyr,49.020401,
Asn->His,23.015984,
Asn->Asp,0.984016,
Asn->Xle,-0.958863,
Pro->Ser,-10.020735,
Pro->Ala,-26.01565,
Pro->His,40.006148,
Pro->Gln,31.005814,
Pro->Thr,3.994915,
Pro->Arg,59.048347,
Pro->Xle,16.0313,
Gln->Pro,-31.005814,
Gln->Lys,0.036386,
Gln->Glu,0.984016,
Gln->His,9.000334,
Gln->Arg,28.042534,
Gln->Xle,-14.974514,
Arg->Ser,-69.069083,
Arg->Trp,29.978202,
Arg->Thr,-55.053433,
Arg->Pro,-59.048347,
Arg->Lys,-28.006148,
Arg->His,-19.042199,
Arg->Gln,-28.042534,
Arg->Met,-25.060626,
Arg->Cys,-53.091927,
Arg->Xle,-43.017047,
Arg->Gly,-99.079647,
Ser->Phe,60.036386,
Ser->Ala,-15.994915,
Ser->Trp,99.047285,
Ser->Thr,14.01565,
Ser->Asn,27.010899,
Ser->Pro,10.020735,
Ser->Tyr,76.0313,
Ser->Cys,15.977156,
Ser->Arg,69.069083,
Ser->Xle,26.052036,
Ser->Gly,-30.010565,
Thr->Ser,-14.01565,
Thr->Ala,-30.010565,
Thr->Asn,12.995249,
Thr->Lys,27.047285,
Thr->Pro,-3.994915,
Thr->Met,29.992806,
Thr->Xle,12.036386,
Thr->Arg,55.053433,
Val->Phe,48,
Val->Ala,-28.0313,
Val->Glu,29.974179,
Val->Met,31.972071,
Val->Asp,15.958529,
Val->Xle,14.01565,
Val->Gly,-42.04695,
Trp->Ser,-99.047285,
Trp->Cys,-83.070128,
Trp->Arg,-29.978202,
Trp->Gly,-129.057849,
Trp->Xle,-72.995249,
Tyr->Phe,-15.994915,
Tyr->Ser,-76.0313,
Tyr->Asn,-49.020401,
Tyr->His,-26.004417,
Tyr->Asp,-48.036386,
Tyr->Cys,-60.054144,
BDMAPP,253.010225,
NA-LNO2,325.225309,
NA-OA-NO2,327.240959,
ICPL:2H(4),109.046571,
Label:13C(6)15N(1),7.017164,
Label:2H(9)13C(6)15N(2),17.07069,
NIC,105.021464,
dNIC,109.048119,
HNE-Delta:H(2)O,138.104465,
4-ONE,154.09938,
O-Dimethylphosphate,107.997631,
O-Methylphosphate,93.981981,
Diethylphosphate,136.028931,
Ethylphosphate,107.997631,
O-pinacolylmethylphosphonate,162.080967,
Methylphosphonate,77.987066,
O-Isopropylmethylphosphonate,120.034017,
iTRAQ8plex,304.20536,
iTRAQ8plex:13C(6)15N(2),304.19904,
Ethanolamine,43.042199,
BEMAD_ST,136.001656,
BEMAD_C,120.0245,
TMT6plex,229.162932,
TMT2plex,225.155833,
TMT,224.152478,
ExacTagThiol,972.365219,
ExacTagAmine,1046.347854,
4-ONE+Delta:H(-2)O(-1),136.088815,
NO_SMX_SEMD,251.036462,
NO_SMX_SIMD,267.031377,
Malonyl,86.000394,
3sulfo,183.983029,
trifluoro,53.971735,
TNBS,210.986535,
IDEnT,214.990469,
BEMAD_ST:2H(6),142.039317,
BEMAD_C:2H(6),126.062161,
Met-loss,-131.040485,
Met-loss+Acetyl,-89.02992,
Menadione-HQ,172.05243,
Methyl+Acetyl:2H(3),59.045045,
lapachenole,240.11503,
Label:13C(5),5.016774,
maleimide,97.016378,
Biotin-phenacyl,626.263502,
Carboxymethyl:13C(2),60.012189,
NEM:2H(5),130.079062,
AEC-MAEC:2H(4),63.044462,
Hex(1)HexNAc(1),365.132196,
Label:13C(6)+GG,120.063056,
Biotin:Thermo-21345,311.166748,
Pentylamine,70.07825,
Biotin:Thermo-21360,487.246455,
Cy3b-maleimide,682.24612,
Gly-loss+Amide,-58.005479,
Xlink:BMOE,220.048407,
Xlink:DFDNB,163.985807,
TMPP-Ac,572.181134,
Dihydroxyimidazolidine,72.021129,
Label:2H(4)+Acetyl,46.035672,
Label:13C(6)+Acetyl,48.030694,
Label:13C(6)15N(2)+Acetyl,50.024764,
Arg->Npo,80.985078,
EQIGG,484.228162,
Arg2PG,266.057909,
cGMP,343.031785,
cGMP+RMP-loss,150.041585,
Label:2H(4)+GG,118.068034,
MG-H1,54.010565,
G-H1,39.994915,
ZGB,758.380841,
Label:13C(1)2H(3),4.022185,
Label:13C(6)15N(2)+GG,122.057126,
ICPL:13C(6)2H(4),115.0667,
QEQTGG,600.250354,
QQQTGG,599.266339,
Biotin:Thermo-21325,695.310118,
Label:13C(1)2H(3)+Oxidation,20.0171,
HydroxymethylOP,108.021129,
MDCC,383.148121,
mTRAQ,140.094963,
mTRAQ:13C(3)15N(1),144.102063,
DyLight-maleimide,940.1999,
Methyl-PEO12-Maleimide,710.383719,
CarbamidomethylDTT,209.018035,
CarboxymethylDTT,210.00205,
Biotin-PEG-PRA,578.317646,
Met->Aha,-4.986324,
Label:15N(4),3.98814,
pyrophospho,159.932662,
Met->Hpg,-21.987721,
4AcAllylGal,372.142033,
DimethylArsino,103.960719,
Lys->CamCys,31.935685,
Phe->CamCys,12.962234,
Leu->MetOx,33.951335,
Lys->MetOx,18.940436,
Galactosyl,178.047738,
Xlink:SMCC[321],321.205242,
Bacillosamine,228.111007,
MTSL,184.07961,
HNE-BAHAH,511.319226,
Methylmalonylation,100.016044,
Label:13C(4)15N(2)+GG,120.050417,
ethylamino,27.047285,
MercaptoEthanol,60.003371,
Ethyl+Deamidated,29.015316,
VFQQQTGG,845.403166,
VIEVYQEQTGG,1203.577168,
AMTzHexNAc2,502.202341,
Atto495Maleimide,474.250515,
Chlorination,33.961028,
dichlorination,67.922055,
AROD,820.336015,
Cys->methylaminoAla,-2.945522,
Cys->ethylaminoAla,11.070128,
DNPS,198.981352,
SulfoGMBS,458.162391,
DimethylamineGMBS,267.158292,
Label:15N(2)2H(9),11.050561,
LG-anhydrolactam,314.188195,
LG-pyrrole,316.203845,
LG-anhyropyrrole,298.19328,
3-deoxyglucosone,144.042259,
Cation:Li,6.008178,
Cation:Ca[II],37.946941,
Cation:Fe[II],53.919289,
Cation:Ni[II],55.919696,
Cation:Zn[II],61.913495,
Cation:Ag,105.897267,
Cation:Mg[II],21.969392,
2-succinyl,116.010959,
Propargylamine,37.031634,
Phosphopropargyl,116.997965,
SUMO2135,2135.920496,
SUMO3549,3549.536568,
thioacylPA,159.035399,
maleimide3,969.366232,
maleimide5,1293.471879,
Puromycin,453.212452,
Carbofuran,57.021464,
BITC,149.02992,
PEITC,163.04557,
glucosone,160.037173,
cysTMT,299.166748,
cysTMT6plex,304.177202,
Label:13C(6)+Dimethyl,34.051429,
Label:13C(6)15N(2)+Dimethyl,36.045499,
Ammonium,17.026549,
ISD_z+2_ion,-15.010899,
Biotin:Sigma-B1267,449.17329,
Label:15N(1),0.997035,
Label:15N(2),1.99407,
Label:15N(3),2.991105,
sulfo+amino,94.967714,
AHA-Alkyne,107.077339,
AHA-Alkyne-KDDDD,695.280074,
EGCG1,456.069261,
EGCG2,287.055563,
Label:13C(6)15N(4)+Methyl,24.023919,
Label:13C(6)15N(4)+Dimethyl,38.039569,
Label:13C(6)15N(4)+Methyl:2H(3)13C(1),28.046104,
Label:13C(6)15N(4)+Dimethyl:2H(6)13C(2),46.083939,
Cys->CamSec,104.965913,
Thiazolidine,12,
DEDGFLYMVYASQETFG,1970.824411,
Biotin:Invitrogen-M1602,523.210069,
glycidamide,87.032028,
Ahx2+Hsl,309.205242,
DMPO,111.068414,
ICDID,138.06808,
ICDID:2H(6),144.10574,
Xlink:DSS[156],156.078644,
Xlink:EGS[244],244.058303,
Xlink:DST[132],132.005873,
Xlink:DTSSP[192],191.991486,
Xlink:SMCC[237],237.100108,
Xlink:DMP[140],140.094963,
Xlink:EGS[115],115.026943,
Biotin:Thermo-88310,196.121178,
2-nitrobenzyl,135.032028,
Cys->SecNEM,172.992127,
Cys->SecNEM:2H(5),178.023511,
Thiadiazole,174.025169,
Withaferin,470.266839,
Biotin:Thermo-88317,443.291294,
TAMRA-FP,659.312423,
Biotin:Thermo-21901+H2O,543.236284,
Deoxyhypusine,71.073499,
Acetyldeoxyhypusine,113.084064,
Acetylhypusine,129.078979,
Ala->Cys,31.972071,
Ala->Phe,76.0313,
Ala->His,66.021798,
Ala->Xle,42.04695,
Ala->Lys,57.057849,
Ala->Met,60.003371,
Ala->Asn,43.005814,
Ala->Gln,57.021464,
Ala->Arg,85.063997,
Ala->Trp,115.042199,
Ala->Tyr,92.026215,
Cys->Ala,-31.972071,
Cys->Asp,12.017759,
Cys->Glu,26.033409,
Cys->His,34.049727,
Cys->Xle,10.07488,
Cys->Lys,25.085779,
Cys->Met,28.0313,
Cys->Asn,11.033743,
Cys->Pro,-5.956421,
Cys->Gln,25.049393,
Cys->Thr,-1.961506,
Cys->Val,-3.940771,
Asp->Cys,-12.017759,
Asp->Phe,32.041471,
Asp->Xle,-1.942879,
Asp->Lys,13.06802,
Asp->Met,16.013542,
Asp->Pro,-17.974179,
Asp->Gln,13.031634,
Asp->Arg,41.074168,
Asp->Ser,-27.994915,
Asp->Thr,-13.979265,
Asp->Trp,71.05237,
Glu->Cys,-26.033409,
Glu->Phe,18.025821,
Glu->His,8.016319,
Glu->Xle,-15.958529,
Glu->Met,1.997892,
Glu->Asn,-14.999666,
Glu->Pro,-31.989829,
Glu->Arg,27.058518,
Glu->Ser,-42.010565,
Glu->Thr,-27.994915,
Glu->Trp,57.03672,
Glu->Tyr,34.020735,
Phe->Ala,-76.0313,
Phe->Asp,-32.041471,
Phe->Glu,-18.025821,
Phe->Gly,-90.04695,
Phe->His,-10.009502,
Phe->Lys,-18.973451,
Phe->Met,-16.027929,
Phe->Asn,-33.025486,
Phe->Pro,-50.01565,
Phe->Gln,-19.009836,
Phe->Arg,9.032697,
Phe->Thr,-46.020735,
Phe->Trp,39.010899,
Gly->Phe,90.04695,
Gly->His,80.037448,
Gly->Xle,56.0626,
Gly->Lys,71.073499,
Gly->Met,74.019021,
Gly->Asn,57.021464,
Gly->Pro,40.0313,
Gly->Gln,71.037114,
Gly->Thr,44.026215,
Gly->Tyr,106.041865,
His->Ala,-66.021798,
His->Cys,-34.049727,
His->Glu,-8.016319,
His->Phe,10.009502,
His->Gly,-80.037448,
His->Lys,-8.963949,
His->Met,-6.018427,
His->Ser,-50.026883,
His->Thr,-36.011233,
His->Val,-37.990498,
His->Trp,49.020401,
Xle->Ala,-42.04695,
Xle->Cys,-10.07488,
Xle->Asp,1.942879,
Xle->Glu,15.958529,
Xle->Gly,-56.0626,
Xle->Tyr,49.979265,
Lys->Ala,-57.057849,
Lys->Cys,-25.085779,
Lys->Asp,-13.06802,
Lys->Phe,18.973451,
Lys->Gly,-71.073499,
Lys->His,8.963949,
Lys->Pro,-31.042199,
Lys->Ser,-41.062935,
Lys->Val,-29.026549,
Lys->Trp,57.98435,
Lys->Tyr,34.968366,
Met->Ala,-60.003371,
Met->Cys,-28.0313,
Met->Asp,-16.013542,
Met->Glu,-1.997892,
Met->Phe,16.027929,
Met->Gly,-74.019021,
Met->His,6.018427,
Met->Asn,-16.997557,
Met->Pro,-33.987721,
Met->Gln,-2.981907,
Met->Ser,-44.008456,
Met->Trp,55.038828,
Met->Tyr,32.022844,
Asn->Ala,-43.005814,
Asn->Cys,-11.033743,
Asn->Glu,14.999666,
Asn->Phe,33.025486,
Asn->Gly,-57.021464,
Asn->Met,16.997557,
Asn->Pro,-16.990164,
Asn->Gln,14.01565,
Asn->Arg,42.058184,
Asn->Val,-14.974514,
Asn->Trp,72.036386,
Pro->Cys,5.956421,
Pro->Asp,17.974179,
Pro->Glu,31.989829,
Pro->Phe,50.01565,
Pro->Gly,-40.0313,
Pro->Lys,31.042199,
Pro->Met,33.987721,
Pro->Asn,16.990164,
Pro->Val,2.01565,
Pro->Trp,89.026549,
Pro->Tyr,66.010565,
Gln->Ala,-57.021464,
Gln->Cys,-25.049393,
Gln->Asp,-13.031634,
Gln->Phe,19.009836,
Gln->Gly,-71.037114,
Gln->Met,2.981907,
Gln->Asn,-14.01565,
Gln->Ser,-41.026549,
Gln->Thr,-27.010899,
Gln->Val,-28.990164,
Gln->Trp,58.020735,
Gln->Tyr,35.004751,
Arg->Ala,-85.063997,
Arg->Asp,-41.074168,
Arg->Glu,-27.058518,
Arg->Asn,-42.058184,
Arg->Val,-57.032697,
Arg->Tyr,6.962218,
Arg->Phe,-9.032697,
Ser->Asp,27.994915,
Ser->Glu,42.010565,
Ser->His,50.026883,
Ser->Lys,41.062935,
Ser->Met,44.008456,
Ser->Gln,41.026549,
Ser->Val,12.036386,
Thr->Cys,1.961506,
Thr->Asp,13.979265,
Thr->Glu,27.994915,
Thr->Phe,46.020735,
Thr->Gly,-44.026215,
Thr->His,36.011233,
Thr->Gln,27.010899,
Thr->Val,-1.979265,
Thr->Trp,85.031634,
Thr->Tyr,62.01565,
Val->Cys,3.940771,
Val->His,37.990498,
Val->Lys,29.026549,
Val->Asn,14.974514,
Val->Pro,-2.01565,
Val->Gln,28.990164,
Val->Arg,57.032697,
Val->Ser,-12.036386,
Val->Thr,1.979265,
Val->Trp,87.010899,
Val->Tyr,63.994915,
Trp->Ala,-115.042199,
Trp->Asp,-71.05237,
Trp->Glu,-57.03672,
Trp->Phe,-39.010899,
Trp->His,-49.020401,
Trp->Lys,-57.98435,
Trp->Met,-55.038828,
Trp->Asn,-72.036386,
Trp->Pro,-89.026549,
Trp->Gln,-58.020735,
Trp->Thr,-85.031634,
Trp->Val,-87.010899,
Trp->Tyr,-23.015984,
Tyr->Ala,-92.026215,
Tyr->Glu,-34.020735,
Tyr->Gly,-106.041865,
Tyr->Lys,-34.968366,
Tyr->Met,-32.022844,
Tyr->Pro,-66.010565,
Tyr->Gln,-35.004751,
Tyr->Arg,-6.962218,
Tyr->Thr,-62.01565,
Tyr->Val,-63.994915,
Tyr->Trp,23.015984,
Tyr->Xle,-49.979265,
AHA-SS,195.075625,
AHA-SS_CAM,252.097088,
Biotin:Thermo-33033,548.223945,
Biotin:Thermo-33033-H,546.208295,
2-monomethylsuccinyl,130.026609,
Saligenin,106.041865,
Cresylphosphate,170.013281,
CresylSaligeninPhosphate,276.055146,
Ub-Br2,100.063663,
Ub-VME,172.084792,
Ub-fluorescein,597.209772,
2-dimethylsuccinyl,144.042259,
Gly,57.021464,
pupylation,243.085521,
Label:13C(4),4.013419,
Label:13C(4)+Oxidation,20.008334,
HCysThiolactone,117.024835,
HCysteinyl,133.019749,
UgiJoullie,1106.48935,
Dipyridyl,225.090212,
Furan,66.010565,
Difuran,132.021129,
BMP-piperidinol,263.131014,
UgiJoullieProGly,154.074228,
UgiJoullieProGlyProGly,308.148455,
IMEHex(2)NeuAc(1),688.199683,
Arg-loss,-156.101111,
Arg,156.101111,
Butyryl,70.041865,
Dicarbamidomethyl,114.042927,
Dimethyl:2H(6),34.068961,
GGQ,242.101505,
QTGG,343.149184,
Label:13C(3),3.010064,
Label:13C(3)15N(1),4.007099,
Label:13C(4)15N(1),5.010454,
Label:2H(10),10.062767,
Label:2H(4)13C(1),5.028462,
Lys,128.094963,
mTRAQ:13C(6)15N(2),148.109162,
NeuAc,291.095417,
NeuGc,307.090331,
Propyl,42.04695,
Propyl:2H(6),48.084611,
Propiophenone,132.057515,
Delta:H(6)C(3)O(1),58.041865,
Delta:H(8)C(6)O(1),96.057515,
biotinAcrolein298,298.146347,
MM-diphenylpentanone,265.146664,
EHD-diphenylpentanone,266.13068,
Biotin:Thermo-21901+2H2O,561.246849,
DiLeu4plex115,145.12,
DiLeu4plex,145.132163,
DiLeu4plex117,145.128307,
DiLeu4plex118,145.140471,
NEMsulfur,157.019749,
SulfurDioxide,63.9619,
NEMsulfurWater,175.030314,
bisANS-sulfonates,434.178299,
DNCB_hapten,166.001457,
Biotin:Thermo-21911,921.461652,
iodoTMT,324.216141,
iodoTMT6plex,329.226595,
Phosphogluconoylation,258.014069,
PS_Hapten,120.021129,
Cy3-maleimide,753.262796,
benzylguanidine,132.068748,
CarboxymethylDMAP,162.079313,
azole,-20.026215,
phosphoRibosyl,212.00859,
NEM:2H(5)+H2O,148.089627,
Crotonyl,68.026215,
O-Et-N-diMePhospho,135.044916,
N-dimethylphosphate,107.013615,
dHex(1)Hex(1),308.110732,
Methyl:2H(3)+Acetyl:2H(3),62.063875,
Label:2H(3)+Oxidation,19.013745,
Trimethyl:2H(9),51.103441,
Acetyl:13C(2),44.017274,
dHex(1)Hex(2),470.163556,
dHex(1)Hex(3),632.216379,
dHex(1)Hex(4),794.269203,
dHex(1)Hex(5),956.322026,
dHex(1)Hex(6),1118.37485,
methylsulfonylethyl,106.00885,
ethylsulfonylethyl,120.0245,
phenylsulfonylethyl,168.0245,
PyridoxalPhosphateH2,231.02966,
Homocysteic_acid,33.969094,
Hydroxamic_acid,15.010899,
3-phosphoglyceryl,167.982375,
HN2_mustard,101.084064,
HN3_mustard,131.094629,
Oxidation+NEM,141.042593,
NHS-fluorescein,471.131802,
DiART6plex,217.162932,
DiART6plex115,217.156612,
DiART6plex116/119,217.168776,
DiART6plex117,217.162456,
DiART6plex118,217.175096,
Iodoacetanilide,133.052764,
Iodoacetanilide:13C(6),139.072893,
Dap-DSP,364.076278,
MurNAc,275.100502,
Label:2H(7)15N(4),11.032077,
Label:2H(6)15N(1),7.034695,
EEEDVIEVYQEQTGG,1705.73189,
EDEDTIDVFQQQTGG,1662.700924,
Hex(5)HexNAc(4)NeuAc(2),2204.772441,
Hex(5)HexNAc(4)NeuAc(1),1913.677025,
dHex(1)Hex(5)HexNAc(4)NeuAc(1),2059.734933,
dHex(1)Hex(5)HexNAc(4)NeuAc(2),2350.83035,
s-GlcNAc,283.036187,
PhosphoHex(2),404.071978,
Trimethyl:13C(3)2H(9),54.113505,
15N-oxobutanoic,-18.023584,
spermine,185.189198,
spermidine,128.131349,
Biotin:Thermo-21330,473.219571,
Pentose,132.042259,
Hex(1)Pent(1),294.095082,
Hex(1)HexA(1),338.084912,
Hex(1)Pent(2),426.137341,
Hex(1)HexNAc(1)Phos(1),445.098527,
Hex(1)HexNAc(1)Sulf(1),445.089011,
Hex(1)NeuAc(1),453.14824,
Hex(1)NeuGc(1),469.143155,
HexNAc(3),609.238118,
HexNAc(1)NeuAc(1),494.174789,
HexNAc(1)NeuGc(1),510.169704,
Hex(1)HexNAc(1)dHex(1)Me(1),525.205755,
Hex(1)HexNAc(1)dHex(1)Me(2),539.221405,
Hex(2)HexNAc(1),527.18502,
Hex(1)HexA(1)HexNAc(1),541.164284,
Hex(2)HexNAc(1)Me(1),541.20067,
Hex(1)Pent(3),558.1796,
Hex(1)NeuAc(1)Pent(1),585.190499,
Hex(2)HexNAc(1)Sulf(1),607.141834,
Hex(2)NeuAc(1),615.201064,
dHex(2)Hex(2),616.221465,
dHex(1)Hex(2)HexA(1),646.195644,
Hex(1)HexNAc(2)Sulf(1),648.168383,
Hex(4),648.211294,
dHex(1)Hex(2)HexNAc(2)Pent(1),1008.36456,
Hex(2)HexNAc(2)NeuAc(1),1021.359809,
Hex(3)HexNAc(2)Pent(1),1024.359475,
Hex(4)HexNAc(2),1054.370039,
dHex(1)Hex(4)HexNAc(1)Pent(1),1129.390834,
dHex(1)Hex(3)HexNAc(2)Pent(1),1170.417383,
Hex(3)HexNAc(2)NeuAc(1),1183.412632,
Hex(4)HexNAc(2)Pent(1),1186.412298,
Hex(3)HexNAc(3)Pent(1),1227.438847,
Hex(5)HexNAc(2)Phos(1),1296.389194,
dHex(1)Hex(4)HexNAc(2)Pent(1),1332.470207,
Hex(7)HexNAc(1),1337.449137,
Hex(4)HexNAc(2)NeuAc(1),1345.465456,
dHex(1)Hex(5)HexNAc(2),1362.480772,
dHex(1)Hex(3)HexNAc(3)Pent(1),1373.496756,
Hex(3)HexNAc(4)Sulf(1),1378.432776,
Hex(6)HexNAc(2),1378.475686,
Hex(4)HexNAc(3)Pent(1),1389.491671,
dHex(1)Hex(4)HexNAc(3),1403.507321,
Hex(5)HexNAc(3),1419.502235,
Hex(3)HexNAc(4)Pent(1),1430.51822,
Hex(6)HexNAc(2)Phos(1),1458.442017,
dHex(1)Hex(4)HexNAc(3)Sulf(1),1483.464135,
dHex(1)Hex(5)HexNAc(2)Pent(1),1494.52303,
Hex(8)HexNAc(1),1499.501961,
dHex(1)Hex(3)HexNAc(3)Pent(2),1505.539015,
dHex(2)Hex(3)HexNAc(3)Pent(1),1519.554665,
dHex(1)Hex(3)HexNAc(4)Sulf(1),1524.490684,
dHex(1)Hex(6)HexNAc(2),1524.533595,
dHex(1)Hex(4)HexNAc(3)Pent(1),1535.549579,
Hex(4)HexNAc(4)Sulf(1),1540.485599,
Hex(7)HexNAc(2),1540.52851,
dHex(2)Hex(4)HexNAc(3),1549.56523,
Hex(5)HexNAc(3)Pent(1),1551.544494,
Hex(4)HexNAc(3)NeuGc(1),1564.539743,
dHex(1)Hex(5)HexNAc(3),1565.560144,
dHex(1)Hex(3)HexNAc(4)Pent(1),1576.576129,
Hex(3)HexNAc(5)Sulf(1),1581.512148,
Hex(6)HexNAc(3),1581.555059,
Hex(3)HexNAc(4)NeuAc(1),1589.571378,
Hex(4)HexNAc(4)Pent(1),1592.571043,
Hex(7)HexNAc(2)Phos(1),1620.494841,
Hex(4)HexNAc(4)Me(2)Pent(1),1620.602343,
dHex(1)Hex(3)HexNAc(3)Pent(3),1637.581274,
dHex(1)Hex(5)HexNAc(3)Sulf(1),1645.516959,
dHex(2)Hex(3)HexNAc(3)Pent(2),1651.596924,
Hex(6)HexNAc(3)Phos(1),1661.52139,
Hex(4)HexNAc(5),1663.608157,
dHex(3)Hex(3)HexNAc(3)Pent(1),1665.612574,
dHex(2)Hex(4)HexNAc(3)Pent(1),1681.607488,
dHex(1)Hex(4)HexNAc(4)Sulf(1),1686.543508,
dHex(1)Hex(7)HexNAc(2),1686.586419,
dHex(1)Hex(4)HexNAc(3)NeuAc(1),1694.602737,
Hex(7)HexNAc(2)Phos(2),1700.461172,
Hex(5)HexNAc(4)Sulf(1),1702.538423,
Hex(8)HexNAc(2),1702.581333,
dHex(1)Hex(3)HexNAc(4)Pent(2),1708.618387,
dHex(1)Hex(4)HexNAc(3)NeuGc(1),1710.597652,
dHex(2)Hex(3)HexNAc(4)Pent(1),1722.634037,
dHex(1)Hex(3)HexNAc(5)Sulf(1),1727.570057,
dHex(1)Hex(6)HexNAc(3),1727.612968,
dHex(1)Hex(3)HexNAc(4)NeuAc(1),1735.629286,
dHex(3)Hex(3)HexNAc(4),1736.649688,
dHex(1)Hex(4)HexNAc(4)Pent(1),1738.628952,
Hex(4)HexNAc(5)Sulf(1),1743.564972,
Hex(7)HexNAc(3),1743.607882,
dHex(1)Hex(4)HexNAc(3)NeuAc(1)Sulf(1),1774.559552,
Hex(5)HexNAc(4)Me(2)Pent(1),1782.655167,
Hex(3)HexNAc(6)Sulf(1),1784.591521,
dHex(1)Hex(6)HexNAc(3)Sulf(1),1807.569782,
dHex(1)Hex(4)HexNAc(5),1809.666066,
dHex(1)Hex(5)HexA(1)HexNAc(3)Sulf(1),1821.549047,
Hex(7)HexNAc(3)Phos(1),1823.574213,
Hex(6)HexNAc(4)Me(3),1826.681382,
dHex(2)Hex(4)HexNAc(4)Sulf(1),1832.601417,
Hex(4)HexNAc(3)NeuAc(2),1839.640245,
dHex(1)Hex(3)HexNAc(4)Pent(3),1840.660646,
dHex(2)Hex(5)HexNAc(3)Pent(1),1843.660312,
dHex(1)Hex(5)HexNAc(4)Sulf(1),1848.596331,
dHex(2)Hex(3)HexNAc(4)Pent(2),1854.676296,
dHex(1)Hex(5)HexNAc(3)NeuAc(1),1856.655561,
Hex(3)HexNAc(6)Sulf(2),1864.548335,
Hex(9)HexNAc(2),1864.634157,
Hex(4)HexNAc(6),1866.68753,
dHex(3)Hex(3)HexNAc(4)Pent(1),1868.691946,
dHex(1)Hex(5)HexNAc(3)NeuGc(1),1872.650475,
dHex(2)Hex(4)HexNAc(4)Pent(1),1884.686861,
dHex(1)Hex(4)HexNAc(5)Sulf(1),1889.62288,
dHex(1)Hex(7)HexNAc(3),1889.665791,
dHex(1)Hex(5)HexNAc(4)Pent(1),1900.681776,
dHex(1)Hex(5)HexA(1)HexNAc(3)Sulf(2),1901.505861,
Hex(3)HexNAc(7),1907.714079,
dHex(2)Hex(5)HexNAc(4),1914.697426,
dHex(2)Hex(4)HexNAc(3)NeuAc(1)Sulf(1),1920.617461,
dHex(1)Hex(5)HexNAc(4)Sulf(2),1928.553146,
dHex(1)Hex(5)HexNAc(4)Me(2)Pent(1),1928.713076,
Hex(5)HexNAc(4)NeuGc(1),1929.671939,
dHex(1)Hex(3)HexNAc(6)Sulf(1),1930.64943,
dHex(1)Hex(6)HexNAc(4),1930.69234,
dHex(1)Hex(5)HexNAc(3)NeuAc(1)Sulf(1),1936.612375,
Hex(7)HexNAc(4),1946.687255,
dHex(1)Hex(5)HexNAc(3)NeuGc(1)Sulf(1),1952.60729,
Hex(4)HexNAc(5)NeuAc(1),1954.703574,
Hex(6)HexNAc(4)Me(3)Pent(1),1958.72364,
dHex(1)Hex(7)HexNAc(3)Sulf(1),1969.622606,
dHex(1)Hex(7)HexNAc(3)Phos(1),1969.632122,
dHex(1)Hex(5)HexNAc(5),1971.718889,
dHex(1)Hex(4)HexNAc(4)NeuAc(1)Sulf(1),1977.638925,
dHex(3)Hex(4)HexNAc(4)Sulf(1),1978.659326,
Hex(3)HexNAc(7)Sulf(1),1987.670893,
Hex(6)HexNAc(5),1987.713804,
Hex(5)HexNAc(4)NeuAc(1)Sulf(1),1993.633839,
Hex(3)HexNAc(6)NeuAc(1),1995.730123,
dHex(2)Hex(3)HexNAc(6),1996.750524,
Hex(1)HexNAc(1)NeuGc(1),672.222527,
dHex(1)Hex(2)HexNAc(1),673.242928,
HexNAc(3)Sulf(1),689.194932,
Hex(3)HexNAc(1),689.237843,
Hex(1)HexNAc(1)Kdn(1)Sulf(1),695.157878,
HexNAc(2)NeuAc(1),697.254162,
HexNAc(1)Kdn(2),703.217108,
Hex(3)HexNAc(1)Me(1),703.253493,
Hex(2)HexA(1)Pent(1)Sulf(1),712.136808,
HexNAc(2)NeuGc(1),713.249076,
Hex(4)Phos(1),728.177625,
Hex(1)HexNAc(1)NeuAc(1)Sulf(1),736.184427,
Hex(1)HexA(1)HexNAc(2),744.243657,
dHex(1)Hex(2)HexNAc(1)Sulf(1),753.199743,
dHex(1)HexNAc(3),755.296027,
dHex(1)Hex(1)HexNAc(1)Kdn(1),761.258973,
Hex(1)HexNAc(3),771.290941,
HexNAc(2)NeuAc(1)Sulf(1),777.210976,
dHex(2)Hex(3),778.274288,
Hex(2)HexA(1)HexNAc(1)Sulf(1),783.173922,
dHex(2)Hex(2)HexA(1),792.253553,
dHex(1)Hex(1)HexNAc(2)Sulf(1),794.226292,
dHex(1)Hex(1)HexNAc(1)NeuAc(1),802.285522,
Hex(2)HexNAc(2)Sulf(1),810.221207,
Hex(5),810.264117,
HexNAc(4),812.31749,
HexNAc(1)NeuGc(2),817.260035,
dHex(1)Hex(1)HexNAc(1)NeuGc(1),818.280436,
dHex(2)Hex(2)HexNAc(1),819.300837,
Hex(2)HexNAc(1)NeuGc(1),834.275351,
dHex(1)Hex(3)HexNAc(1),835.295752,
dHex(1)Hex(2)HexA(1)HexNAc(1),849.275017,
Hex(1)HexNAc(3)Sulf(1),851.247756,
Hex(4)HexNAc(1),851.290667,
Hex(1)HexNAc(2)NeuAc(1),859.306985,
Hex(1)HexNAc(2)NeuGc(1),875.3019,
Hex(5)Phos(1),890.230448,
dHex(2)Hex(1)HexNAc(1)Kdn(1),907.316881,
dHex(1)Hex(3)HexNAc(1)Sulf(1),915.252567,
dHex(1)Hex(1)HexNAc(3),917.34885,
dHex(1)Hex(2)HexA(1)HexNAc(1)Sulf(1),929.231831,
Hex(2)HexNAc(3),933.343765,
Hex(1)HexNAc(2)NeuAc(1)Sulf(1),939.2638,
dHex(2)Hex(4),940.327112,
dHex(2)HexNAc(2)Kdn(1),948.34343,
dHex(1)Hex(2)HexNAc(2)Sulf(1),956.279116,
dHex(1)HexNAc(4),958.375399,
Hex(1)HexNAc(1)NeuAc(1)NeuGc(1),963.317944,
dHex(1)Hex(1)HexNAc(2)Kdn(1),964.338345,
Hex(1)HexNAc(1)NeuGc(2),979.312859,
Hex(1)HexNAc(1)NeuAc(2)Ac(1),989.333594,
dHex(2)Hex(2)HexA(1)HexNAc(1),995.332925,
dHex(1)Hex(1)HexNAc(3)Sulf(1),997.305665,
Hex(2)HexA(1)NeuAc(1)Pent(1)Sulf(1),1003.232225,
dHex(1)Hex(1)HexNAc(2)NeuAc(1),1005.364894,
dHex(1)Hex(3)HexA(1)HexNAc(1),1011.32784,
Hex(2)HexNAc(3)Sulf(1),1013.300579,
Hex(5)HexNAc(1),1013.34349,
HexNAc(5),1015.396863,
Hex(1)HexNAc(1)NeuAc(2)Ac(2),1031.344159,
Hex(2)HexNAc(2)NeuGc(1),1037.354723,
Hex(5)Phos(3),1050.16311,
Hex(6)Phos(1),1052.283272,
dHex(1)Hex(2)HexA(1)HexNAc(2),1052.354389,
dHex(2)Hex(3)HexNAc(1)Sulf(1),1061.310475,
Hex(1)HexNAc(3)NeuAc(1),1062.386358,
dHex(2)Hex(1)HexNAc(3),1063.406759,
Hex(1)HexNAc(3)NeuGc(1),1078.381273,
dHex(1)Hex(1)HexNAc(2)NeuAc(1)Sulf(1),1085.321709,
dHex(1)Hex(3)HexA(1)HexNAc(1)Sulf(1),1091.284655,
dHex(1)Hex(1)HexA(1)HexNAc(3),1093.380938,
Hex(2)HexNAc(2)NeuAc(1)Sulf(1),1101.316623,
dHex(2)Hex(2)HexNAc(2)Sulf(1),1102.337025,
dHex(2)Hex(1)HexNAc(2)Kdn(1),1110.396254,
dHex(1)Hex(1)HexNAc(4),1120.428223,
Hex(2)HexNAc(4),1136.423137,
Hex(2)HexNAc(1)NeuGc(2),1141.365682,
dHex(2)Hex(4)HexNAc(1),1143.406484,
Hex(1)HexNAc(2)NeuAc(2),1150.402402,
dHex(2)Hex(1)HexNAc(2)NeuAc(1),1151.422803,
dHex(1)Hex(2)HexNAc(3)Sulf(1),1159.358488,
dHex(1)HexNAc(5),1161.454772,
dHex(2)Hex(1)HexNAc(2)NeuGc(1),1167.417718,
dHex(3)Hex(2)HexNAc(2),1168.438119,
Hex(3)HexNAc(3)Sulf(1),1175.353403,
dHex(2)Hex(2)HexNAc(2)Sulf(2),1182.293839,
dHex(1)Hex(2)HexNAc(2)NeuGc(1),1183.412632,
dHex(1)Hex(1)HexNAc(3)NeuAc(1),1208.444267,
Hex(6)Phos(3),1212.215934,
dHex(1)Hex(3)HexA(1)HexNAc(2),1214.407213,
dHex(1)Hex(1)HexNAc(3)NeuGc(1),1224.439181,
Hex(1)HexNAc(2)NeuAc(2)Sulf(1),1230.359217,
dHex(2)Hex(3)HexA(1)HexNAc(1)Sulf(1),1237.342563,
Hex(1)HexNAc(1)NeuAc(3),1238.418446,
Hex(2)HexNAc(3)NeuGc(1),1240.434096,
dHex(1)Hex(2)HexNAc(2)NeuAc(1)Sulf(1),1247.374532,
dHex(3)Hex(1)HexNAc(2)Kdn(1),1256.454163,
dHex(2)Hex(3)HexNAc(2)Sulf(1),1264.389848,
dHex(2)Hex(2)HexNAc(2)Kdn(1),1272.449077,
dHex(2)Hex(2)HexA(1)HexNAc(2)Sulf(1),1278.369113,
dHex(1)Hex(2)HexNAc(4),1282.481046,
Hex(1)HexNAc(1)NeuGc(3),1286.40319,
dHex(1)Hex(1)HexNAc(3)NeuAc(1)Sulf(1),1288.401081,
dHex(1)Hex(3)HexA(1)HexNAc(2)Sulf(1),1294.364027,
dHex(1)Hex(1)HexNAc(2)NeuAc(2),1296.460311,
dHex(3)HexNAc(3)Kdn(1),1297.480712,
Hex(2)HexNAc(3)NeuAc(1)Sulf(1),1304.395996,
dHex(2)Hex(2)HexNAc(3)Sulf(1),1305.416397,
dHex(2)HexNAc(5),1307.512681,
Hex(2)HexNAc(2)NeuAc(2),1312.455225,
dHex(2)Hex(2)HexNAc(2)NeuAc(1),1313.475627,
dHex(1)Hex(3)HexNAc(3)Sulf(1),1321.411312,
dHex(2)Hex(2)HexNAc(2)NeuGc(1),1329.470541,
Hex(2)HexNAc(5),1339.50251,
dHex(1)Hex(3)HexNAc(2)NeuGc(1),1345.465456,
Hex(1)HexNAc(3)NeuAc(2),1353.481775,
dHex(1)Hex(2)HexNAc(3)NeuAc(1),1370.49709,
dHex(3)Hex(2)HexNAc(3),1371.517491,
Hex(7)Phos(3),1374.268757,
dHex(1)Hex(4)HexA(1)HexNAc(2),1376.460036,
Hex(3)HexNAc(3)NeuAc(1),1386.492005,
dHex(1)Hex(3)HexA(2)HexNAc(2),1390.439301,
Hex(2)HexNAc(2)NeuAc(2)Sulf(1),1392.41204,
dHex(2)Hex(2)HexNAc(2)NeuAc(1)Sulf(1),1393.432441,
Hex(3)HexNAc(3)NeuGc(1),1402.48692,
dHex(4)Hex(1)HexNAc(2)Kdn(1),1402.512072,
dHex(3)Hex(2)HexNAc(2)Kdn(1),1418.506986,
dHex(3)Hex(2)HexA(1)HexNAc(2)Sulf(1),1424.427021,
Hex(2)HexNAc(4)NeuAc(1),1427.518554,
dHex(2)Hex(2)HexNAc(4),1428.538955,
dHex(2)Hex(3)HexA(1)HexNAc(2)Sulf(1),1440.421936,
dHex(4)HexNAc(3)Kdn(1),1443.538621,
Hex(2)HexNAc(1)NeuGc(3),1448.456013,
dHex(4)Hex(1)HexNAc(1)Kdn(2),1449.501567,
dHex(1)Hex(2)HexNAc(3)NeuAc(1)Sulf(1),1450.453905,
dHex(1)Hex(2)HexNAc(2)NeuAc(2),1458.513134,
dHex(3)Hex(1)HexNAc(3)Kdn(1),1459.533535,
Hex(3)HexNAc(3)NeuAc(1)Sulf(1),1466.44882,
Hex(3)HexNAc(2)NeuAc(2),1474.508049,
Hex(3)HexNAc(3)NeuGc(1)Sulf(1),1482.443734,
dHex(1)Hex(2)HexNAc(2)NeuGc(2),1490.502964,
dHex(2)Hex(3)HexNAc(2)NeuGc(1),1491.523365,
dHex(1)Hex(3)HexA(1)HexNAc(3)Sulf(1),1497.4434,
Hex(2)HexNAc(3)NeuAc(2),1515.534598,
dHex(2)Hex(2)HexNAc(3)NeuAc(1),1516.554999,
dHex(4)Hex(2)HexNAc(3),1517.5754,
Hex(2)HexNAc(3)NeuAc(1)NeuGc(1),1531.529513,
dHex(2)Hex(2)HexNAc(3)NeuGc(1),1532.549914,
dHex(3)Hex(3)HexNAc(3),1533.570315,
Hex(8)Phos(3),1536.321581,
dHex(1)Hex(2)HexNAc(2)NeuAc(2)Sulf(1),1538.469949,
Hex(2)HexNAc(3)NeuGc(2),1547.524427,
dHex(4)Hex(2)HexNAc(2)Kdn(1),1564.564895,
dHex(1)Hex(2)HexNAc(4)NeuAc(1),1573.576463,
dHex(3)Hex(2)HexNAc(4),1574.596864,
Hex(1)HexNAc(1)NeuGc(4),1593.493521,
dHex(4)Hex(1)HexNAc(3)Kdn(1),1605.591444,
Hex(4)HexNAc(4)Sulf(2),1620.442414,
dHex(3)Hex(2)HexNAc(3)Kdn(1),1621.586359,
dHex(2)Hex(2)HexNAc(5),1631.618328,
dHex(2)Hex(3)HexA(1)HexNAc(3)Sulf(1),1643.501309,
dHex(1)Hex(4)HexA(1)HexNAc(3)Sulf(1),1659.496223,
Hex(3)HexNAc(3)NeuAc(2),1677.587422,
dHex(2)Hex(3)HexNAc(3)NeuAc(1),1678.607823,
dHex(4)Hex(3)HexNAc(3),1679.628224,
Hex(9)Phos(3),1698.374404,
dHex(2)HexNAc(7),1713.671426,
Hex(2)HexNAc(1)NeuGc(4),1755.546345,
Hex(3)HexNAc(3)NeuAc(2)Sulf(1),1757.544236,
dHex(2)Hex(3)HexNAc(5),1793.671151,
dHex(1)Hex(2)HexNAc(2)NeuGc(3),1797.593295,
dHex(2)Hex(4)HexA(1)HexNAc(3)Sulf(1),1805.554132,
Hex(2)HexNAc(3)NeuAc(3),1806.630015,
dHex(1)Hex(3)HexNAc(3)NeuAc(2),1823.64533,
dHex(3)Hex(3)HexNAc(3)NeuAc(1),1824.665732,
Hex(2)HexNAc(3)NeuGc(3),1854.614759,
Hex(10)Phos(3),1860.427228,
dHex(1)Hex(2)HexNAc(4)NeuAc(2),1864.67188,
Hex(1)HexNAc(1)NeuGc(5),1900.583852,
Hex(4)HexNAc(4)NeuAc(1)Sulf(2),1911.53783,
Hex(4)HexNAc(4)NeuGc(1)Sulf(2),1927.532745,
dHex(2)Hex(3)HexNAc(3)NeuAc(2),1969.703239,
Hex(4)HexNAc(4)NeuAc(1)Sulf(3),1991.494645,
dHex(2)Hex(2)HexNAc(2),1022.38021,
dHex(1)Hex(3)HexNAc(2),1038.375125,
dHex(1)Hex(2)HexNAc(3),1079.401674,
Hex(3)HexNAc(3),1095.396588,
dHex(1)Hex(3)HexNAc(2)Sulf(1),1118.331939,
dHex(2)Hex(3)HexNAc(2),1184.433033,
dHex(1)Hex(4)HexNAc(2),1200.427948,
dHex(2)Hex(2)HexNAc(3),1225.459583,
dHex(1)Hex(3)HexNAc(3),1241.454497,
Hex(4)HexNAc(3),1257.449412,
dHex(2)Hex(4)HexNAc(2),1346.485857,
dHex(2)Hex(3)HexNAc(3),1387.512406,
Hex(3)HexNAc(5),1501.555334,
Hex(4)HexNAc(3)NeuAc(1),1548.544828,
dHex(2)Hex(3)HexNAc(4),1590.591779,
dHex(1)Hex(3)HexNAc(5),1647.613242,
Hex(3)HexNAc(6),1704.634706,
Hex(4)HexNAc(4)NeuAc(1),1751.624201,
dHex(2)Hex(4)HexNAc(4),1752.644602,
Hex(6)HexNAc(4),1784.634431,
Hex(5)HexNAc(5),1825.660981,
dHex(1)Hex(3)HexNAc(6),1850.692615,
dHex(1)Hex(4)HexNAc(4)NeuAc(1),1897.68211,
dHex(3)Hex(4)HexNAc(4),1898.702511,
dHex(1)Hex(3)HexNAc(5)NeuAc(1),1938.708659,
dHex(2)Hex(4)HexNAc(5),1955.723975,
Hex(1)HexNAc(1)NeuAc(1)Ac(1),698.238177,
Label:13C(2)15N(2),4.00078,
Xlink:DSS[155],155.094629,
NQIGG,469.228496,
Carboxyethylpyrrole,122.036779,
Fluorescein-tyramine,493.116152,
GEE,86.036779,
RNPXL,324.035867,
Glu->pyro-Glu+Methyl,-3.994915,
Glu->pyro-Glu+Methyl:2H(2)13C(1),-0.979006,
LRGG+methyl,397.243753,
LRGG+dimethyl,411.259403,
Biotin-tyramide,361.146012,
Tris,104.071154,
IASD,452.034807,
NP40,220.182715,
Tween20,165.164326,
Tween80,263.237491,
Triton,188.156501,
Brij35,168.187801,
Brij58,224.250401,
betaFNA,454.210387,
dHex(1)Hex(7)HexNAc(4),2092.745164,
Biotin:Thermo-21328,389.090154,
PhosphoCytidine,305.041287,
AzidoF,41.001397,
Dimethylaminoethyl,71.073499,
Gluratylation,114.031694,
hydroxyisobutyryl,86.036779,
MeMePhosphorothioate,107.979873,
Cation:Fe[III],52.911464,
DTT,151.996571,
DYn-2,161.09664,
MesitylOxide,98.073165,
methylol,30.010565,
Xlink:DSS[259],259.141973,
Xlink:DSSO[176],176.01433,
Xlink:DSSO[175],175.030314,
Xlink:DSSO[279],279.077658,
Xlink:DSSO[54],54.010565,
Xlink:DSSO[86],85.982635,
Xlink:DSSO[104],103.9932,
Xlink:BuUrBu[111],111.032028,
Xlink:BuUrBu[85],85.052764,
Xlink:BuUrBu[213],213.111341,
Xlink:BuUrBu[214],214.095357,
Xlink:BuUrBu[317],317.158686,
Xlink:DSSO[158],158.003765,
Xlink:EGS[226],226.047738,
Xlink:DSS[138],138.06808,
Xlink:BuUrBu[196],196.084792,
Xlink:DTBP[172],172.01289,
Xlink:DST[114],113.995309,
Xlink:DTSSP[174],173.980921,
Xlink:SMCC[219],219.089543,
Xlink:BS2G[96],96.021129,
Xlink:BS2G[113],113.047679,
Xlink:BS2G[114],114.031694,
Xlink:BS2G[217],217.095023,
Cation:Al[III],23.958063,
Xlink:DMP[139],139.110947,
Xlink:DMP[122],122.084398,
glyoxalAGE,21.98435,
Met->AspSA,-32.008456,
Decarboxylation,-30.010565,
Aspartylurea,-10.031969,
Formylasparagine,4.97893,
Carbonyl,13.979265,
AFB1_Dialdehyde,310.047738,
Pro->HAVA,18.010565,
Delta:H(-4)O(2),27.958529,
Delta:H(-4)O(3),43.953444,
Delta:O(4),63.979659,
Delta:H(4)C(3)O(2),72.021129,
Delta:H(4)C(5)O(1),80.026215,
Delta:H(10)C(8)O(1),122.073165,
Delta:H(6)C(7)O(4),154.026609,
Pent(2),264.084518,
Pent(1)HexNAc(1),335.121631,
Hex(2)Sulf(1),404.062462,
Hex(1)Pent(2)Me(1),440.152991,
HexNAc(2)Sulf(1),486.11556,
Hex(1)Pent(3)Me(1),572.19525,
Hex(2)Pent(2),588.190165,
Hex(2)Pent(2)Me(1),602.205815,
Hex(4)HexA(1),824.243382,
Hex(2)HexNAc(1)Pent(1)HexA(1),835.259366,
Hex(3)HexNAc(1)HexA(1),865.269931,
Hex(1)HexNAc(2)dHex(2)Sulf(1),940.284201,
HexA(2)HexNAc(3),961.302294,
dHex(1)Hex(4)HexA(1),970.301291,
Hex(5)HexA(1),986.296206,
Hex(4)HexA(1)HexNAc(1),1027.322755,
dHex(3)Hex(3)HexNAc(1),1127.41157,
Hex(6)HexNAc(1),1175.396314,
Hex(1)HexNAc(4)dHex(1)Sulf(1),1200.385037,
dHex(1)Hex(2)HexNAc(1)NeuAc(2),1255.433762,
dHex(3)Hex(3)HexNAc(2),1330.490942,
dHex(2)Hex(1)HexNAc(4)Sulf(1),1346.442946,
dHex(1)Hex(2)HexNAc(4)Sulf(2),1442.394675,
Hex(9),1458.475412,
dHex(2)Hex(3)HexNAc(3)Sulf(1),1467.469221,
dHex(2)Hex(5)HexNAc(2)Me(1),1522.554331,
dHex(2)Hex(2)HexNAc(4)Sulf(2),1588.452584,
Hex(9)HexNAc(1),1661.554784,
dHex(3)Hex(2)HexNAc(4)Sulf(2),1734.510493,
Hex(4)HexNAc(4)NeuGc(1),1767.619116,
dHex(4)Hex(3)HexNAc(2)NeuAc(1),1767.644268,
Hex(3)HexNAc(5)NeuAc(1),1792.65075,
Hex(10)HexNAc(1),1823.607608,
dHex(1)Hex(8)HexNAc(2),1848.639242,
Hex(3)HexNAc(4)NeuAc(2),1880.666794,
dHex(2)Hex(3)HexNAc(4)NeuAc(1),1881.687195,
dHex(2)Hex(2)HexNAc(6)Sulf(1),1914.654515,
Hex(5)HexNAc(4)NeuAc(1)Ac(1),1955.687589,
Hex(3)HexNAc(3)NeuAc(3),1968.682838,
Hex(5)HexNAc(4)NeuAc(1)Ac(2),1997.698154,
Unknown:162,162.125595,
Unknown:177,176.744957,
Unknown:210,210.16198,
Unknown:216,216.099774,
Unknown:234,234.073953,
Unknown:248,248.19876,
Unknown:250,249.981018,
Unknown:302,301.986514,
Unknown:306,306.095082,
Unknown:420,420.051719,
Diethylphosphothione,152.006087,
Dimethylphosphothione,123.974787,
monomethylphosphothione,109.959137,
CIGG,330.136176,
GNLLFLACYCIGG,1324.6308,
serotonylation,159.068414,
TMPP-Ac:13C(9),581.211328,
Xlink:DST[56],55.989829,
ZQG,320.100836,
Haloxon,203.950987,
Methamidophos-S,108.975121,
Methamidophos-O,92.997965,
Nitrene,12.995249,
shTMT,235.176741,
TMTpro,304.207146,
TMTpro_zero,295.189592,
Kdo,220.058303,
Andro-H2O,332.19876,
His+O(2),169.048741,
Hex(6)HexNAc(5)NeuAc(3),2861.000054,
Hex(7)HexNAc(6),2352.846,
Met+O(2),163.030314,
Gly+O(2),89.011293,
Pro+O(2),129.042593,
Lys+O(2),160.084792,
Glu+O(2),161.032422,
LTX+Lophotoxin,416.147118,
MBS+peptide,1482.77,
3-hydroxybenzyl-phosphate,186.008196,
phenyl-phosphate,155.997631,
RBS-ID_Uridine,244.069536,
shTMTpro,313.231019,
Biotin:Aha-DADPS,922.465403,
Biotin:Aha-PC,690.24316,
pRBS-ID_4-thiouridine,226.058972,
pRBS-ID_6-thioguanosine,265.081104,
DMED,70.089484,
6C-CysPAT,221.081695,
Xlink:DSPP[210],209.97181,
Xlink:DSPP[228],227.982375,
Xlink:DSPP[331],331.045704,
Xlink:DSPP[226],225.990534,
DBIA,296.184841,
TMT_6,229.162932,
TMT_Pro,304.207146,
